artist_id,artist_genres
0n4Fao9kbjgM76RmVlfSwr,
2RQXRUsr4IW1f3mKyKsy4B,pov: indie
2LIk90788K0zvyj2JJVwkJ,"deep underground hip hop, kentucky hip hop, pop rap, rap"
22wbnEMDvgVIAGdFeek6ET,singer-songwriter pop
33qOK5uJ8AR2xuQQAhHump,
45dkTj5sMRSjrmBSBeiHym,"alt z, pop"
7tYKF4w9nC0nq9CsPZTHyP,"pop, r&b, rap"
06HL4z0CvFAxyc27GXpf02,pop
1URnnhqYAYcrqrcwql10ft,"atl hip hop, hip hop, rap"
2cBh5lVMg222FFuRU7EfDE,"dance pop, europop, new wave pop"
1Xyo4u8uXC1ZmMpatF05PJ,"canadian contemporary r&b, canadian pop, pop"
3zo9C8J8m3VlXb9hNlLcJX,nz reggae
08GQAI4eElDnROBrJRGE0X,"album rock, classic rock, rock, soft rock, yacht rock"
08PvCOlef4xdOr20jFSTPd,viral rap
40ZNYROS4zLfyyBSs2PGe2,classic oklahoma country
11kt6ggsdxvI8MhyeSMKom,
7uMDnSZyUYNBPLhPMNuaM2,singer-songwriter pop
18lpwfiys4GtdHWNUu9qQr,"australian reggae fusion, australian surf rock"
4oLeXFyACqeem2VImYeBFe,"edm, house, stutter house"
7tYKF4w9nC0nq9CsPZTHyP,"pop, r&b, rap"
5wCmhq5J2hPwL2r0eKurxn,hypertechno
5YGY8feqx7naU7z4HrwZM6,pop
3SozjO3Lat463tQICI9LcE,
7o95ZoZt5ZYn31e9z1Hc0a,"dance pop, pop, post-teen pop"
40ZNYROS4zLfyyBSs2PGe2,classic oklahoma country
3TVXtAsR1Inumwj472S9r4,"canadian hip hop, canadian pop, hip hop, pop rap, rap"
5cj0lLjcoR7YOSnhnX0Po5,"dance pop, pop"
2uYWxilOVlUdk4oV9DvwqK,"brooklyn indie, pov: indie"
1Xyo4u8uXC1ZmMpatF05PJ,"canadian contemporary r&b, canadian pop, pop"
66CXWjxzNUsdJxJ2JdwvnR,pop
4j96cMcT8GRi11qbvo1cLQ,
10exVja0key0uqUkk6LJRT,"folk-pop, modern rock"
52N3KGrTWDRhdQJrgBTofE,
3IYUhFvPQItj6xySrBmZkd,"album rock, classic rock, country rock, rock, southern rock, swamp rock"
7tYKF4w9nC0nq9CsPZTHyP,"pop, r&b, rap"
5cj0lLjcoR7YOSnhnX0Po5,"dance pop, pop"
4oUHIQIBe0LHzYfvXNW4QM,contemporary country
2h93pZq0e7k5yf4dywlkpM,"lgbtq+ hip hop, neo soul"
4zoRNhOhsGX3w8yBAnFSQ8,indie r&b
7oPgCQqMMXEXrNau5vxYZP,"folk, lilith, singer-songwriter, women's music"
6M2wZ9GZgrQXHCFfjv46we,"dance pop, pop, uk pop"
6U3ybJ9UHNKEdsH7ktGBZ7,"hip hop, pop rap, rap, underground hip hop"
718COspgdWOnwOFpJHRZHS,"contemporary country, country"
3eAOH2az3fQIfX2UAw0FfC,nz reggae
3OEJ7D4RwbnNFuG9JczKEa,london rap
7tjVFCxJdwT4NdrTmjyjQ6,indie r&b
45dkTj5sMRSjrmBSBeiHym,"alt z, pop"
3eAOH2az3fQIfX2UAw0FfC,nz reggae
205i7E8fNVfojowcQSfK9m,"australian house, deep groove house, house"
6ltzsmQQbmdoHHbLZ4ZN25,"indie folk, stomp and holler"
2RQXRUsr4IW1f3mKyKsy4B,pov: indie
2LIk90788K0zvyj2JJVwkJ,"deep underground hip hop, kentucky hip hop, pop rap, rap"
22wbnEMDvgVIAGdFeek6ET,singer-songwriter pop
45dkTj5sMRSjrmBSBeiHym,"alt z, pop"
06HL4z0CvFAxyc27GXpf02,pop
5wCmhq5J2hPwL2r0eKurxn,hypertechno
33qOK5uJ8AR2xuQQAhHump,
40ZNYROS4zLfyyBSs2PGe2,classic oklahoma country
2cBh5lVMg222FFuRU7EfDE,"dance pop, europop, new wave pop"
1Xyo4u8uXC1ZmMpatF05PJ,"canadian contemporary r&b, canadian pop, pop"
205i7E8fNVfojowcQSfK9m,"australian house, deep groove house, house"
7uMDnSZyUYNBPLhPMNuaM2,singer-songwriter pop
1URnnhqYAYcrqrcwql10ft,"atl hip hop, hip hop, rap"
40ZNYROS4zLfyyBSs2PGe2,classic oklahoma country
7o95ZoZt5ZYn31e9z1Hc0a,"dance pop, pop, post-teen pop"
66CXWjxzNUsdJxJ2JdwvnR,pop
3TVXtAsR1Inumwj472S9r4,"canadian hip hop, canadian pop, hip hop, pop rap, rap"
5cj0lLjcoR7YOSnhnX0Po5,"dance pop, pop"
4oUHIQIBe0LHzYfvXNW4QM,contemporary country
6M2wZ9GZgrQXHCFfjv46we,"dance pop, pop, uk pop"
7tYKF4w9nC0nq9CsPZTHyP,"pop, r&b, rap"
0n4Fao9kbjgM76RmVlfSwr,
7tYKF4w9nC0nq9CsPZTHyP,"pop, r&b, rap"
3SozjO3Lat463tQICI9LcE,
5YGY8feqx7naU7z4HrwZM6,pop
08PvCOlef4xdOr20jFSTPd,viral rap
1McMsnEElThX1knmY4oliG,pop
06HL4z0CvFAxyc27GXpf02,pop
4j96cMcT8GRi11qbvo1cLQ,
1Xyo4u8uXC1ZmMpatF05PJ,"canadian contemporary r&b, canadian pop, pop"
718COspgdWOnwOFpJHRZHS,"contemporary country, country"
74KM79TiuVKeVCqs8QtB0B,pop
10exVja0key0uqUkk6LJRT,"folk-pop, modern rock"
45dkTj5sMRSjrmBSBeiHym,"alt z, pop"
4oLeXFyACqeem2VImYeBFe,"edm, house, stutter house"
33NVpKoXjItPwUJTMZIOiY,"gen z singer-songwriter, singer-songwriter pop"
2uYWxilOVlUdk4oV9DvwqK,"brooklyn indie, pov: indie"
5b5bt4mZQpJMoCRbiQ7diH,
6U3ybJ9UHNKEdsH7ktGBZ7,"hip hop, pop rap, rap, underground hip hop"
246dkjvS1zLTtiykXe5h60,"dfw rap, melodic rap, pop, rap"
6qqNVTkY8uBg9cP3Jd7DAH,"art pop, pop"
5Pwc4xIPtQLFEnJriah9YJ,"piano rock, pop"
3WGpXCj9YhhfX11TToZcXP,"australian pop, pop, viral pop"
40ZNYROS4zLfyyBSs2PGe2,classic oklahoma country
6M2wZ9GZgrQXHCFfjv46we,"dance pop, pop, uk pop"
6ltzsmQQbmdoHHbLZ4ZN25,"indie folk, stomp and holler"
0C0XlULifJtAgn6ZNCW2eu,"alternative rock, dance rock, modern rock, permanent wave, rock"
4GNC7GD6oZMSxPGyXy4MNB,"pop, uk pop"
06HL4z0CvFAxyc27GXpf02,pop
18lpwfiys4GtdHWNUu9qQr,"australian reggae fusion, australian surf rock"
4kcQWQDK0u9AftVSpdrAgk,"cumbia pop, trap argentino, trap triste"
2IKdK6PbitvCiXt1t2bPU6,rap uruguayo
716NhGYqD1jl2wI1Qkgq36,"argentine hip hop, pop venezolano, trap argentino, trap latino, urbano latino"
6C2mFGFh8dz1vKp9l5Ce8P,
2LRoIwlKmHjgvigdNGBHNo,"colombian pop, pop reggaeton, reggaeton, reggaeton colombiano, trap latino, urbano latino"
4kcQWQDK0u9AftVSpdrAgk,"cumbia pop, trap argentino, trap triste"
2Hxu0Wmd7FUm0euCVInVrN,
5CA5IqbsFr4hpNLdjgO0BU,cumbia 420
0AqlFI0tz2DsEoJlKSIiT9,pop argentino
4kcQWQDK0u9AftVSpdrAgk,"cumbia pop, trap argentino, trap triste"
0AqlFI0tz2DsEoJlKSIiT9,pop argentino
19HM5j0ULGSmEoRcrSe5x3,"trap argentino, trap latino, urbano latino"
5nAsuOI0lqqbii7YFCh7cB,
4GepMkTgrIZECoCC55vqjW,cumbia pop
3WMlRpW5JWuDI95TcEWt3r,pop argentino
3Apb2lGmGJaBmr0TTBJvIZ,"trap argentino, trap triste"
2BTS8Np1YzPQuXjgdlqsBB,"argentine hip hop, rap conciencia, rap underground argentino"
2qWK8K2Jfh67UqtwY8tCW6,"argentine hip hop, trap argentino"
4SgKWjM7cJDCh2aY9H4HZf,cumbia pop
2OhUNb01gLwygOizYvTm0e,trap argentino
2OhUNb01gLwygOizYvTm0e,trap argentino
5TP8Ubo4jLKEi4Mw2O8fAk,previa
0ZCO8oVkMj897cKgFH7fRW,"gruperas inmortales, musica mexicana, nu-cumbia, ranchera, tropical"
6XkjpgcEsYab502Vr1bBeW,musica chihuahuense
4d7tFHxzWvzfsgCqPAEOSQ,
1DxLCyH42yaHKGK3cl5bvG,pop argentino
0AqlFI0tz2DsEoJlKSIiT9,pop argentino
5Y3MV9DZ0d87NnVm56qSY1,"trap argentino, trap latino, urbano latino"
5f9pQjPeDbuRF1GowQXo3L,rkt
52iwsT98xCoGgiGntTiR7K,"rap canario, trap latino, urbano latino"
4q3ewBCX7sLwd24euuV69X,"reggaeton, trap latino, urbano latino"
1DxLCyH42yaHKGK3cl5bvG,pop argentino
7iK8PXO48WeuP03g8YR51W,"reggaeton, trap latino, urbano latino"
4kcQWQDK0u9AftVSpdrAgk,"cumbia pop, trap argentino, trap triste"
3ZfYo6sKskRv0wOyrZZdAj,urbano chileno
6M6pyt8k3EjvbFo1pZFS75,rkt
35oGZihZclGoTVuICPXRP9,reggaeton chileno
4kcQWQDK0u9AftVSpdrAgk,"cumbia pop, trap argentino, trap triste"
4kcQWQDK0u9AftVSpdrAgk,"cumbia pop, trap argentino, trap triste"
2IKdK6PbitvCiXt1t2bPU6,rap uruguayo
2BTS8Np1YzPQuXjgdlqsBB,"argentine hip hop, rap conciencia, rap underground argentino"
1TtXnWcUs0FCkaZDPGYHdf,"latin hip hop, reggaeton, trap latino, urbano latino"
2OhUNb01gLwygOizYvTm0e,trap argentino
1vqR17Iv8VFdzure1TAXEq,"argentine hip hop, trap argentino, trap latino, trap triste, urbano latino"
2qWK8K2Jfh67UqtwY8tCW6,"argentine hip hop, trap argentino"
2eXWodjj5K1vVq2CSjl036,
7CvTknweLr9feJtRGrpDBy,reggaeton chileno
35oGZihZclGoTVuICPXRP9,reggaeton chileno
0AqlFI0tz2DsEoJlKSIiT9,pop argentino
6oMRQ5H3A2XA5I3RG3leni,"cumbia 420, cumbia pop"
2LRoIwlKmHjgvigdNGBHNo,"colombian pop, pop reggaeton, reggaeton, reggaeton colombiano, trap latino, urbano latino"
4q3ewBCX7sLwd24euuV69X,"reggaeton, trap latino, urbano latino"
3Me35AWHCGqW4sZ7bWWJt1,sad sierreno
1TA5sGRlKUJXBN4ZyJuDIX,"reggaeton, urbano latino"
2LRoIwlKmHjgvigdNGBHNo,"colombian pop, pop reggaeton, reggaeton, reggaeton colombiano, trap latino, urbano latino"
790FomKkXshlbRYZFtlgla,"reggaeton, reggaeton colombiano, trap latino, urbano latino"
1r4hJ1h58CWwUQe3MxPuau,"latin pop, reggaeton, reggaeton colombiano, trap latino, urbano latino"
2LRoIwlKmHjgvigdNGBHNo,"colombian pop, pop reggaeton, reggaeton, reggaeton colombiano, trap latino, urbano latino"
3Me35AWHCGqW4sZ7bWWJt1,sad sierreno
2LRoIwlKmHjgvigdNGBHNo,"colombian pop, pop reggaeton, reggaeton, reggaeton colombiano, trap latino, urbano latino"
790FomKkXshlbRYZFtlgla,"reggaeton, reggaeton colombiano, trap latino, urbano latino"
7iK8PXO48WeuP03g8YR51W,"reggaeton, trap latino, urbano latino"
2LRoIwlKmHjgvigdNGBHNo,"colombian pop, pop reggaeton, reggaeton, reggaeton colombiano, trap latino, urbano latino"
1TA5sGRlKUJXBN4ZyJuDIX,"reggaeton, urbano latino"
66ihevNkSYNzRAl44dx6jJ,"corrido, musica mexicana, sad sierreno, sierreno"
1i8SpTcr7yvPOmcqrbnVXY,"puerto rican pop, reggaeton, trap latino, urbano latino"
2LRoIwlKmHjgvigdNGBHNo,"colombian pop, pop reggaeton, reggaeton, reggaeton colombiano, trap latino, urbano latino"
6dLuQ5qXxIuWc5urxfIiZR,"corrido, corridos tumbados, sad sierreno, sierreno"
7iK8PXO48WeuP03g8YR51W,"reggaeton, trap latino, urbano latino"
2LRoIwlKmHjgvigdNGBHNo,"colombian pop, pop reggaeton, reggaeton, reggaeton colombiano, trap latino, urbano latino"
0Q8NcsJwoCbZOHHW63su5S,"trap latino, urbano latino"
790FomKkXshlbRYZFtlgla,"reggaeton, reggaeton colombiano, trap latino, urbano latino"
2LRoIwlKmHjgvigdNGBHNo,"colombian pop, pop reggaeton, reggaeton, reggaeton colombiano, trap latino, urbano latino"
0tmwSHipWxN12fsoLcFU3B,"colombian pop, latin pop, reggaeton, reggaeton colombiano, trap latino, urbano latino"
7j6DKwmjbxvpQO8h914uEz,"reggaeton, trap colombiano, trap latino, urbano latino"
52iwsT98xCoGgiGntTiR7K,"rap canario, trap latino, urbano latino"
716NhGYqD1jl2wI1Qkgq36,"argentine hip hop, pop venezolano, trap argentino, trap latino, urbano latino"
2jSGzJw0ebJLu7OLVSOcBP,"reggaeton, trap latino, urbano latino"
2LRoIwlKmHjgvigdNGBHNo,"colombian pop, pop reggaeton, reggaeton, reggaeton colombiano, trap latino, urbano latino"
6XkjpgcEsYab502Vr1bBeW,musica chihuahuense
3SUT1jjM5hzZj9TLfLZGIP,"latin hip hop, rap boricua, reggaeton, trap latino, urbano latino"
1TA5sGRlKUJXBN4ZyJuDIX,"reggaeton, urbano latino"
2LRoIwlKmHjgvigdNGBHNo,"colombian pop, pop reggaeton, reggaeton, reggaeton colombiano, trap latino, urbano latino"
0eHQ9o50hj6ZDNBt6Ys1sD,"latin hip hop, reggaeton, trap latino, urbano latino"
2YRyPiW98bpkARAS4B3OQP,"trap latino, urbano latino"
7j6DKwmjbxvpQO8h914uEz,"reggaeton, trap colombiano, trap latino, urbano latino"
7j6DKwmjbxvpQO8h914uEz,"reggaeton, trap colombiano, trap latino, urbano latino"
1TtXnWcUs0FCkaZDPGYHdf,"latin hip hop, reggaeton, trap latino, urbano latino"
2LRoIwlKmHjgvigdNGBHNo,"colombian pop, pop reggaeton, reggaeton, reggaeton colombiano, trap latino, urbano latino"
1TA5sGRlKUJXBN4ZyJuDIX,"reggaeton, urbano latino"
3LKXWvXFWrkwUzJWxzwVpW,"reggaeton, urbano latino"
51XrH5fQP2oIQynuKxSWcW,"trap latino, urbano latino"
0ys2OFYzWYB5hRDLCsBqxt,"corrido, corridos tumbados, sad sierreno, sierreno"
2LRoIwlKmHjgvigdNGBHNo,"colombian pop, pop reggaeton, reggaeton, reggaeton colombiano, trap latino, urbano latino"
790FomKkXshlbRYZFtlgla,"reggaeton, reggaeton colombiano, trap latino, urbano latino"
4q3ewBCX7sLwd24euuV69X,"reggaeton, trap latino, urbano latino"
12GqGscKJx3aE4t07u7eVZ,"corridos tumbados, sad sierreno"
3fzFGIFcpHenYRfbnGf0JE,urbano latino
4q3ewBCX7sLwd24euuV69X,"reggaeton, trap latino, urbano latino"
6XkjpgcEsYab502Vr1bBeW,musica chihuahuense
22wbnEMDvgVIAGdFeek6ET,singer-songwriter pop
2RQXRUsr4IW1f3mKyKsy4B,pov: indie
2LIk90788K0zvyj2JJVwkJ,"deep underground hip hop, kentucky hip hop, pop rap, rap"
45dkTj5sMRSjrmBSBeiHym,"alt z, pop"
40ZNYROS4zLfyyBSs2PGe2,classic oklahoma country
1URnnhqYAYcrqrcwql10ft,"atl hip hop, hip hop, rap"
33qOK5uJ8AR2xuQQAhHump,
06HL4z0CvFAxyc27GXpf02,pop
08PvCOlef4xdOr20jFSTPd,viral rap
2uYWxilOVlUdk4oV9DvwqK,"brooklyn indie, pov: indie"
4oUHIQIBe0LHzYfvXNW4QM,contemporary country
0n4Fao9kbjgM76RmVlfSwr,
718COspgdWOnwOFpJHRZHS,"contemporary country, country"
1Xyo4u8uXC1ZmMpatF05PJ,"canadian contemporary r&b, canadian pop, pop"
1Xyo4u8uXC1ZmMpatF05PJ,"canadian contemporary r&b, canadian pop, pop"
40ZNYROS4zLfyyBSs2PGe2,classic oklahoma country
5YGY8feqx7naU7z4HrwZM6,pop
0Y5tJX1MQlPlqiwlOH1tJY,"hip hop, rap, slap house"
0Y5tJX1MQlPlqiwlOH1tJY,"hip hop, rap, slap house"
4j96cMcT8GRi11qbvo1cLQ,
2sF5nNXnrrsCPZlt8ZpyGd,rage rap
7tYKF4w9nC0nq9CsPZTHyP,"pop, r&b, rap"
3TVXtAsR1Inumwj472S9r4,"canadian hip hop, canadian pop, hip hop, pop rap, rap"
1McMsnEElThX1knmY4oliG,pop
6qqNVTkY8uBg9cP3Jd7DAH,"art pop, pop"
45dkTj5sMRSjrmBSBeiHym,"alt z, pop"
66CXWjxzNUsdJxJ2JdwvnR,pop
2hlmm7s2ICUX0LVIhVFlZQ,"atl hip hop, melodic rap, rap, trap"
5cj0lLjcoR7YOSnhnX0Po5,"dance pop, pop"
6U3ybJ9UHNKEdsH7ktGBZ7,"hip hop, pop rap, rap, underground hip hop"
3TVXtAsR1Inumwj472S9r4,"canadian hip hop, canadian pop, hip hop, pop rap, rap"
6M2wZ9GZgrQXHCFfjv46we,"dance pop, pop, uk pop"
7o95ZoZt5ZYn31e9z1Hc0a,"dance pop, pop, post-teen pop"
4Ga1P7PMIsmqEZqhYZQgDo,"melodic rap, pluggnb, rap"
7uMDnSZyUYNBPLhPMNuaM2,singer-songwriter pop
0Y5tJX1MQlPlqiwlOH1tJY,"hip hop, rap, slap house"
2h93pZq0e7k5yf4dywlkpM,"lgbtq+ hip hop, neo soul"
1URnnhqYAYcrqrcwql10ft,"atl hip hop, hip hop, rap"
52N3KGrTWDRhdQJrgBTofE,
7oPgCQqMMXEXrNau5vxYZP,"folk, lilith, singer-songwriter, women's music"
33NVpKoXjItPwUJTMZIOiY,"gen z singer-songwriter, singer-songwriter pop"
2cBh5lVMg222FFuRU7EfDE,"dance pop, europop, new wave pop"
7tYKF4w9nC0nq9CsPZTHyP,"pop, r&b, rap"
4oUHIQIBe0LHzYfvXNW4QM,contemporary country
10exVja0key0uqUkk6LJRT,"folk-pop, modern rock"
4oUHIQIBe0LHzYfvXNW4QM,contemporary country
2RQXRUsr4IW1f3mKyKsy4B,pov: indie
3SozjO3Lat463tQICI9LcE,
5K4W6rqBFWDnAN6FQUkS6x,"chicago rap, hip hop, rap"
6l3HvQ5sa6mXTsMTB19rO5,"conscious hip hop, hip hop, north carolina hip hop, rap"
3Me35AWHCGqW4sZ7bWWJt1,sad sierreno
3Me35AWHCGqW4sZ7bWWJt1,sad sierreno
1U1el3k54VvEUzo3ybLPlM,colombian pop
0FvHxb8a4I0A2i8jKCsFei,
6dLuQ5qXxIuWc5urxfIiZR,"corrido, corridos tumbados, sad sierreno, sierreno"
0ys2OFYzWYB5hRDLCsBqxt,"corrido, corridos tumbados, sad sierreno, sierreno"
5HeN1Iza4nZe03sFlonddz,
3Me35AWHCGqW4sZ7bWWJt1,sad sierreno
7Gi6gjaWy3DxyilpF1a8Is,"corrido, corridos tumbados, musica mexicana, sad sierreno, sierreno"
2LRoIwlKmHjgvigdNGBHNo,"colombian pop, pop reggaeton, reggaeton, reggaeton colombiano, trap latino, urbano latino"
7Gi6gjaWy3DxyilpF1a8Is,"corrido, corridos tumbados, musica mexicana, sad sierreno, sierreno"
0XwVARXT135rw8lyw1EeWP,"mariachi, musica mexicana, ranchera"
12GqGscKJx3aE4t07u7eVZ,"corridos tumbados, sad sierreno"
0elWFr7TW8piilVRYJUe4P,"corrido, corridos tumbados, musica mexicana, sad sierreno, sierreno"
6XkjpgcEsYab502Vr1bBeW,musica chihuahuense
6dLuQ5qXxIuWc5urxfIiZR,"corrido, corridos tumbados, sad sierreno, sierreno"
790FomKkXshlbRYZFtlgla,"reggaeton, reggaeton colombiano, trap latino, urbano latino"
12GqGscKJx3aE4t07u7eVZ,"corridos tumbados, sad sierreno"
5TcnuUD5MHBfd1cO4kweWD,corrido
6Sbl0NT50roqWvy746MfVf,"corrido, sierreno"
1r4hJ1h58CWwUQe3MxPuau,"latin pop, reggaeton, reggaeton colombiano, trap latino, urbano latino"
3Me35AWHCGqW4sZ7bWWJt1,sad sierreno
12GqGscKJx3aE4t07u7eVZ,"corridos tumbados, sad sierreno"
4q3ewBCX7sLwd24euuV69X,"reggaeton, trap latino, urbano latino"
1bfl0AU8SqmLkElptOprhC,"banda, musica mexicana, norteno, sad sierreno, sierreno"
66ihevNkSYNzRAl44dx6jJ,"corrido, musica mexicana, sad sierreno, sierreno"
0ys2OFYzWYB5hRDLCsBqxt,"corrido, corridos tumbados, sad sierreno, sierreno"
3l9G1G9MxH6DaRhwLklaf5,"corrido, corridos tumbados, sierreno"
6Sbl0NT50roqWvy746MfVf,"corrido, sierreno"
0elWFr7TW8piilVRYJUe4P,"corrido, corridos tumbados, musica mexicana, sad sierreno, sierreno"
5FAAR1LqXQp0HbgVfQ8ZWE,"banda, corrido, musica mexicana, norteno"
1bfl0AU8SqmLkElptOprhC,"banda, musica mexicana, norteno, sad sierreno, sierreno"
25OaNybC8G6g5KkAmthQtX,
5LeiVcEnsZcwc133TUhJNW,"latin arena pop, latin pop, mexican pop"
0ys2OFYzWYB5hRDLCsBqxt,"corrido, corridos tumbados, sad sierreno, sierreno"
2KtMgfc6pR6Jpovuqrs8Ac,"corrido, sad sierreno"
35oGZihZclGoTVuICPXRP9,reggaeton chileno
3l9G1G9MxH6DaRhwLklaf5,"corrido, corridos tumbados, sierreno"
3Me35AWHCGqW4sZ7bWWJt1,sad sierreno
5xYNmNkaWRqu3e5F4UXME8,"banda, corrido, musica mexicana, norteno, sad sierreno, sierreno"
6XkjpgcEsYab502Vr1bBeW,musica chihuahuense
6Sbl0NT50roqWvy746MfVf,"corrido, sierreno"
7iK8PXO48WeuP03g8YR51W,"reggaeton, trap latino, urbano latino"
66ihevNkSYNzRAl44dx6jJ,"corrido, musica mexicana, sad sierreno, sierreno"
716NhGYqD1jl2wI1Qkgq36,"argentine hip hop, pop venezolano, trap argentino, trap latino, urbano latino"
12GqGscKJx3aE4t07u7eVZ,"corridos tumbados, sad sierreno"
3l9G1G9MxH6DaRhwLklaf5,"corrido, corridos tumbados, sierreno"
12GqGscKJx3aE4t07u7eVZ,"corridos tumbados, sad sierreno"
1gW6pz5n1aK249L0GvfQCC,"corrido, norteno, sad sierreno"
6XkjpgcEsYab502Vr1bBeW,musica chihuahuense
22wbnEMDvgVIAGdFeek6ET,singer-songwriter pop
2RQXRUsr4IW1f3mKyKsy4B,pov: indie
1URnnhqYAYcrqrcwql10ft,"atl hip hop, hip hop, rap"
40ZNYROS4zLfyyBSs2PGe2,classic oklahoma country
2LIk90788K0zvyj2JJVwkJ,"deep underground hip hop, kentucky hip hop, pop rap, rap"
08PvCOlef4xdOr20jFSTPd,viral rap
2uYWxilOVlUdk4oV9DvwqK,"brooklyn indie, pov: indie"
3Me35AWHCGqW4sZ7bWWJt1,sad sierreno
7tYKF4w9nC0nq9CsPZTHyP,"pop, r&b, rap"
45dkTj5sMRSjrmBSBeiHym,"alt z, pop"
06HL4z0CvFAxyc27GXpf02,pop
33qOK5uJ8AR2xuQQAhHump,
2sF5nNXnrrsCPZlt8ZpyGd,rage rap
0Y5tJX1MQlPlqiwlOH1tJY,"hip hop, rap, slap house"
40ZNYROS4zLfyyBSs2PGe2,classic oklahoma country
3TVXtAsR1Inumwj472S9r4,"canadian hip hop, canadian pop, hip hop, pop rap, rap"
0Y5tJX1MQlPlqiwlOH1tJY,"hip hop, rap, slap house"
6U3ybJ9UHNKEdsH7ktGBZ7,"hip hop, pop rap, rap, underground hip hop"
181bsRPaVXVlUKXrxwZfHK,"houston rap, pop, r&b, rap, trap queen"
1Xyo4u8uXC1ZmMpatF05PJ,"canadian contemporary r&b, canadian pop, pop"
1U1el3k54VvEUzo3ybLPlM,colombian pop
4Ga1P7PMIsmqEZqhYZQgDo,"melodic rap, pluggnb, rap"
4oUHIQIBe0LHzYfvXNW4QM,contemporary country
1McMsnEElThX1knmY4oliG,pop
718COspgdWOnwOFpJHRZHS,"contemporary country, country"
2h93pZq0e7k5yf4dywlkpM,"lgbtq+ hip hop, neo soul"
3Me35AWHCGqW4sZ7bWWJt1,sad sierreno
5fi7lIgJGH3RgUpJYcffQ7,
1Xyo4u8uXC1ZmMpatF05PJ,"canadian contemporary r&b, canadian pop, pop"
4Gso3d4CscCijv0lmajZWs,"pop rap, rap, trap"
2hlmm7s2ICUX0LVIhVFlZQ,"atl hip hop, melodic rap, rap, trap"
3TVXtAsR1Inumwj472S9r4,"canadian hip hop, canadian pop, hip hop, pop rap, rap"
5cj0lLjcoR7YOSnhnX0Po5,"dance pop, pop"
66CXWjxzNUsdJxJ2JdwvnR,pop
6qqNVTkY8uBg9cP3Jd7DAH,"art pop, pop"
7tYKF4w9nC0nq9CsPZTHyP,"pop, r&b, rap"
5YGY8feqx7naU7z4HrwZM6,pop
2bA6fzP0lMAQ4kz6CF61w8,"classic oklahoma country, contemporary country, country, country road"
4V8LLVI7PbaPR0K2TGSxFF,"hip hop, rap"
5K4W6rqBFWDnAN6FQUkS6x,"chicago rap, hip hop, rap"
3TVXtAsR1Inumwj472S9r4,"canadian hip hop, canadian pop, hip hop, pop rap, rap"
0n4Fao9kbjgM76RmVlfSwr,
6l3HvQ5sa6mXTsMTB19rO5,"conscious hip hop, hip hop, north carolina hip hop, rap"
5cj0lLjcoR7YOSnhnX0Po5,"dance pop, pop"
4oUHIQIBe0LHzYfvXNW4QM,contemporary country
45dkTj5sMRSjrmBSBeiHym,"alt z, pop"
1URnnhqYAYcrqrcwql10ft,"atl hip hop, hip hop, rap"
0Y6dVaC9DZtPNH4591M42W,pov: indie
3LZZPxNDGDFVSIPqf4JuEf,bronx drill
74KM79TiuVKeVCqs8QtB0B,pop
52iwsT98xCoGgiGntTiR7K,"rap canario, trap latino, urbano latino"
4bJh7sMPcVRiqe5jlnsWQV,"flamenco urbano, urbano espanol"
716NhGYqD1jl2wI1Qkgq36,"argentine hip hop, pop venezolano, trap argentino, trap latino, urbano latino"
2LRoIwlKmHjgvigdNGBHNo,"colombian pop, pop reggaeton, reggaeton, reggaeton colombiano, trap latino, urbano latino"
7iK8PXO48WeuP03g8YR51W,"reggaeton, trap latino, urbano latino"
6C2mFGFh8dz1vKp9l5Ce8P,
19HM5j0ULGSmEoRcrSe5x3,"trap argentino, trap latino, urbano latino"
1r3tpVQ08jFAA2P4xzV5o4,pop reggaeton
2IKdK6PbitvCiXt1t2bPU6,rap uruguayo
0GgY7hjMoGDsX8ZDe2mwds,"french hip hop, pop urbaine, r&b francais, rap algerien"
0AqlFI0tz2DsEoJlKSIiT9,pop argentino
3bvfu2KAve4lPHrhEFDZna,"latin viral pop, spanish pop"
4q3ewBCX7sLwd24euuV69X,"reggaeton, trap latino, urbano latino"
58M2tktuW3ZTnZGTddqejF,
52iwsT98xCoGgiGntTiR7K,"rap canario, trap latino, urbano latino"
4ixNZvQuuzCDxBsxO9zE6L,urbano latino
7iK8PXO48WeuP03g8YR51W,"reggaeton, trap latino, urbano latino"
0Q8NcsJwoCbZOHHW63su5S,"trap latino, urbano latino"
0Q8NcsJwoCbZOHHW63su5S,"trap latino, urbano latino"
1mcTU81TzQhprhouKaTkpq,"puerto rican pop, reggaeton, trap latino, urbano latino"
2O8vbr4RYPpk6MRA4fio7u,"trap latino, urbano espanol, urbano latino"
5XJDexmWFLWOkjOEjOVX3e,"trap boricua, trap latino, trap triste, urbano latino"
2YRyPiW98bpkARAS4B3OQP,"trap latino, urbano latino"
2R21vXR83lH98kGeO99Y66,"reggaeton, reggaeton flow, trap boricua, trap latino, urbano latino"
0FwnPHExlRRxEZPLAi5tmG,
790FomKkXshlbRYZFtlgla,"reggaeton, reggaeton colombiano, trap latino, urbano latino"
6k8mwkKJKKjBILo7ypBspl,spanish pop
0jbo7KFNMiIkfBR6ih0yhm,
1aOK2Zm4Wsm4I4DuoQIXsZ,flamenco urbano
52iwsT98xCoGgiGntTiR7K,"rap canario, trap latino, urbano latino"
2O8vbr4RYPpk6MRA4fio7u,"trap latino, urbano espanol, urbano latino"
7iK8PXO48WeuP03g8YR51W,"reggaeton, trap latino, urbano latino"
1mcTU81TzQhprhouKaTkpq,"puerto rican pop, reggaeton, trap latino, urbano latino"
2bxxlINUlcMQQb39K7IopR,"latin arena pop, latin pop, latin viral pop, reggaeton, spanish pop"
0tmwSHipWxN12fsoLcFU3B,"colombian pop, latin pop, reggaeton, reggaeton colombiano, trap latino, urbano latino"
5AiFFE0KopBkOzEZeDbSaH,
6nVcHLIgY5pE2YCl8ubca1,"reggaeton, trap latino, urbano latino"
2SNfNJDsahTSVFwgxposF5,"rap conciencia, spanish hip hop"
2YRyPiW98bpkARAS4B3OQP,"trap latino, urbano latino"
07YUOmWljBTXwIseAUd9TW,"colombian pop, latin pop, reggaeton, reggaeton colombiano, urbano latino"
4F4pp8NUW08JuXwnoxglpN,"neoperreo, rap catala, rap latina, trap catala, urbano espanol, urbano latino"
7qG3b048QCHVRO5Pv1T5lw,"dance pop, latin pop, mexican pop"
51XrH5fQP2oIQynuKxSWcW,"trap latino, urbano latino"
1TA5sGRlKUJXBN4ZyJuDIX,"reggaeton, urbano latino"
4q3ewBCX7sLwd24euuV69X,"reggaeton, trap latino, urbano latino"
0HSGpDMeXaEmH5aUIHjnBF,"electro bailando, electro latino"
5XJDexmWFLWOkjOEjOVX3e,"trap boricua, trap latino, trap triste, urbano latino"
0Q8NcsJwoCbZOHHW63su5S,"trap latino, urbano latino"
1vqR17Iv8VFdzure1TAXEq,"argentine hip hop, trap argentino, trap latino, trap triste, urbano latino"
716NhGYqD1jl2wI1Qkgq36,"argentine hip hop, pop venezolano, trap argentino, trap latino, urbano latino"
27LlKWxS3KXW7RRAxN5S8s,"italian hip hop, italian pop, rap napoletano, trap italiana"
06nvjg4wBANK6DCHjqtPNd,"italian adult pop, italian pop"
0EqkKYDK9EkKY5N7zU3FPv,"italian adult pop, italian pop"
5iot8OPcosJN9nCl7I5SdK,"italian adult pop, italian pop"
1A6HBLulvBFzNtlMb7b08f,italian pop
7KFOc3T4Xo8DVZt4PWw2qN,"italian adult pop, italian pop, rome indie"
72A0Z8q8NiochyK9gUHpCR,"italian adult pop, italian pop"
3egWSWp7Y4FyCKIyvXbw7L,"italian hip hop, italian pop, milan indie"
2XpUprTohaksHpVjUtTvlx,"classic italian pop, italian adult pop, italian pop"
59MLbXG0jLVwJup3KAd6m1,"italian adult pop, italian pop"
7GacyaFUp0qkEJglERX9N7,pop virale italiano
0gzwXezN4IUHAwLufA6YcX,"italian adult pop, italian pop"
7muPB2GhV0sEg2K1Fgj0Xm,"italian adult pop, italian hip hop, italian pop, milan indie, r&b italiano"
1y5nSaw0Am7fIEDAkrfgjY,
2aya6KuqjXEhHBqYKsTPLs,"italian hip hop, italian pop, milan indie"
2pjb5ffSoVTr5lRYQXlnPu,"italian adult pop, italian pop"
4p5IspnsqtILeRtckOxumu,"italian hip hop, italian pop"
6FPxOArEPVZUDv925qq8IQ,
2QWrpLRDeBD1NwWAsytBRi,"italian adult pop, italian pop"
1X9iZlQXfAAx4Vvmlqeao7,"italian adult pop, italian pop"
7dL0nOHwnSAsNAwpkPSGWP,italian pop
1lwGYDWoXC7E5wDNYZBurw,hyperpop italiano
0QrUbsrL5imqntAfDl8i7q,"italian adult pop, italian pop"
0dE9ooTNz8iEKIKItRI66t,"italian progressive rock, operatic pop"
3VsF47TUmv6WPsWjICe8VR,
5A0upF7YOXwWW0R5EuahcF,
5VxhGHbcuvqTLRUWzBUN8L,"classic italian pop, italian adult pop"
5BwOOeKayeMZXa5SSaiRxv,classic italian pop
28XNEW8SrY9rwD1s1f8gRL,
17bIH0Lk8uD4mqjyHqmfb2,
23TFHmajVfBtlRx5MXqgoz,"italian hip hop, italian pop, trap italiana, trap latino"
44DWomjW1oDuxIoBIRpmQ4,"italian hip hop, italian pop, trap italiana"
27LlKWxS3KXW7RRAxN5S8s,"italian hip hop, italian pop, rap napoletano, trap italiana"
76UCIJTB0jcJvBaL0CdIqx,"italian adult pop, italian pop"
7zPS3i8YJBNeDcqXUHfCMr,"italian hip hop, trap italiana"
2PEMswqQspTSsAltdeF5kO,drill italiana
1El4YQA8oCXX7ynFSxRTFq,"italian hip hop, trap metal italiana"
23TFHmajVfBtlRx5MXqgoz,"italian hip hop, italian pop, trap italiana, trap latino"
23TFHmajVfBtlRx5MXqgoz,"italian hip hop, italian pop, trap italiana, trap latino"
2Pr26KMbfrX8zb8Vk6jFHe,trap italiana
4y5lvMadZv6NAv8RgcCRem,italian hip hop
2R4kNOwHUUsuDYhKsESVbF,italian hip hop
27LlKWxS3KXW7RRAxN5S8s,"italian hip hop, italian pop, rap napoletano, trap italiana"
2KLafS2cc489GVGuYm5aE2,"drill italiana, italian hip hop, rap siciliano"
4dyfAiJCbl7jS1GHOCdiJv,"italian hip hop, italian pop, italian underground hip hop"
1AgAVqo74e2q4FVvg0xpT7,"indie liguria, italian hip hop, italian pop, rap genovese, trap italiana"
4dyfAiJCbl7jS1GHOCdiJv,"italian hip hop, italian pop, italian underground hip hop"
23TFHmajVfBtlRx5MXqgoz,"italian hip hop, italian pop, trap italiana, trap latino"
582KhTHEVOONNQLmQ5612r,"italian pop, rome indie"
1hHYi4Vy83BGo6TqKd98hu,"italian hip hop, italian pop"
07UyhXWf7aDbvCZKhTKCpr,
6L8y2rKomt32RmT4wfwZS7,
4sbXXFzEWJY2zsZjelerjX,"french hip hop, pop urbaine, r&b francais"
0jbo7KFNMiIkfBR6ih0yhm,
54kCbQZaZWHnwwj9VP2hn4,"french hip hop, pop urbaine, r&b francais, rap francais"
20JMfmzDb5cjHxEoMXXMyY,"drill francais, rap francais"
3DCWeG2J1fZeu0Oe6i5Q6m,"french hip hop, pop urbaine, rap conscient"
33qOK5uJ8AR2xuQQAhHump,
3DCWeG2J1fZeu0Oe6i5Q6m,"french hip hop, pop urbaine, rap conscient"
3YBJLs7RqR0aPGBgU27nDh,"french hip hop, pop urbaine"
7x3eTVPlBiPjXHn3qotY86,"french hip hop, pop urbaine, r&b francais"
45dkTj5sMRSjrmBSBeiHym,"alt z, pop"
0GgY7hjMoGDsX8ZDe2mwds,"french hip hop, pop urbaine, r&b francais, rap algerien"
3YBJLs7RqR0aPGBgU27nDh,"french hip hop, pop urbaine"
1ntQKIMIgESKpKoNXVBvQg,"drill francais, french hip hop, pop urbaine, rap francais, trap antillais"
6M2wZ9GZgrQXHCFfjv46we,"dance pop, pop, uk pop"
5gqmbbfjcikQBzPB5Hv13I,"drill francais, french hip hop, pop urbaine, r&b francais, rap francais"
3YBJLs7RqR0aPGBgU27nDh,"french hip hop, pop urbaine"
5gqmbbfjcikQBzPB5Hv13I,"drill francais, french hip hop, pop urbaine, r&b francais, rap francais"
3YBJLs7RqR0aPGBgU27nDh,"french hip hop, pop urbaine"
58wXmynHaAWI5hwlPZP3qL,"french hip hop, old school rap francais, pop urbaine, rap conscient"
3IW7ScrzXmPvZhB27hmfgy,"french hip hop, pop urbaine, rap marseille"
4AKwRarlmsUlLjIwt38NLw,pop dance
5Vf6gyVzfo8TnzrPRBg3qo,french pop
7IlRNXHjoOCgEAWN5qYksg,"basshall, pop urbaine, r&b francais"
1kvygchIwU4XHXY8xD6ugf,french pop
3YwqjMyrRfuixi2pbgTGCE,"french hip hop, pop urbaine, rap francais"
6Te49r3A6f5BiIgBRxH7FH,"french hip hop, pop urbaine"
0n4Fao9kbjgM76RmVlfSwr,
7uMDnSZyUYNBPLhPMNuaM2,singer-songwriter pop
3DCWeG2J1fZeu0Oe6i5Q6m,"french hip hop, pop urbaine, rap conscient"
7x3eTVPlBiPjXHn3qotY86,"french hip hop, pop urbaine, r&b francais"
5WUlDfRSoLAfcVSX1WnrxN,"australian dance, australian pop, pop"
0LKAV3zJ8a8AIGnyc5OvfB,"french hip hop, pop urbaine, r&b francais"
2cBh5lVMg222FFuRU7EfDE,"dance pop, europop, new wave pop"
0GOx72r5AAEKRGQFn3xqXK,"french hip hop, french pop, r&b francais, rap conscient"
6a4YQ8ebVHffAYNkHn9nc8,
2GBDOaCl73BVUs2RerIme7,french pop
22wbnEMDvgVIAGdFeek6ET,singer-songwriter pop
5gqmbbfjcikQBzPB5Hv13I,"drill francais, french hip hop, pop urbaine, r&b francais, rap francais"
2yJ6lsLqG06r9bckSTQRt4,"french hip hop, pop urbaine, rap francais"
1Cs0zKBU1kc0i8ypK3B9ai,"big room, dance pop, edm, pop, pop dance"
0wiCfDEHaEcPkKZOi7Nivl,
06HL4z0CvFAxyc27GXpf02,pop
4WxmlzvtfZbTyGB1LvR02X,rap ivoire
3YBJLs7RqR0aPGBgU27nDh,"french hip hop, pop urbaine"
3DCWeG2J1fZeu0Oe6i5Q6m,"french hip hop, pop urbaine, rap conscient"
3DCWeG2J1fZeu0Oe6i5Q6m,"french hip hop, pop urbaine, rap conscient"
1r43wW70tnGUauQYvY5w48,hypertechno
66CXWjxzNUsdJxJ2JdwvnR,pop
2RQXRUsr4IW1f3mKyKsy4B,pov: indie
2cBh5lVMg222FFuRU7EfDE,"dance pop, europop, new wave pop"
33qOK5uJ8AR2xuQQAhHump,
2LIk90788K0zvyj2JJVwkJ,"deep underground hip hop, kentucky hip hop, pop rap, rap"
22wbnEMDvgVIAGdFeek6ET,singer-songwriter pop
0n4Fao9kbjgM76RmVlfSwr,
45dkTj5sMRSjrmBSBeiHym,"alt z, pop"
5wCmhq5J2hPwL2r0eKurxn,hypertechno
7o95ZoZt5ZYn31e9z1Hc0a,"dance pop, pop, post-teen pop"
66CXWjxzNUsdJxJ2JdwvnR,pop
06HL4z0CvFAxyc27GXpf02,pop
7uMDnSZyUYNBPLhPMNuaM2,singer-songwriter pop
1Xyo4u8uXC1ZmMpatF05PJ,"canadian contemporary r&b, canadian pop, pop"
1URnnhqYAYcrqrcwql10ft,"atl hip hop, hip hop, rap"
08PvCOlef4xdOr20jFSTPd,viral rap
6M2wZ9GZgrQXHCFfjv46we,"dance pop, pop, uk pop"
2RQXRUsr4IW1f3mKyKsy4B,pov: indie
1McMsnEElThX1knmY4oliG,pop
2uYWxilOVlUdk4oV9DvwqK,"brooklyn indie, pov: indie"
3TVXtAsR1Inumwj472S9r4,"canadian hip hop, canadian pop, hip hop, pop rap, rap"
5SHgclK1ZpTdfdAmXW7J6s,
3SozjO3Lat463tQICI9LcE,
10exVja0key0uqUkk6LJRT,"folk-pop, modern rock"
1Xyo4u8uXC1ZmMpatF05PJ,"canadian contemporary r&b, canadian pop, pop"
6Ip8FS7vWT1uKkJSweANQK,uk hip hop
0C0XlULifJtAgn6ZNCW2eu,"alternative rock, dance rock, modern rock, permanent wave, rock"
6qqNVTkY8uBg9cP3Jd7DAH,"art pop, pop"
40ZNYROS4zLfyyBSs2PGe2,classic oklahoma country
4oLeXFyACqeem2VImYeBFe,"edm, house, stutter house"
6ltzsmQQbmdoHHbLZ4ZN25,"indie folk, stomp and holler"
4j96cMcT8GRi11qbvo1cLQ,
45dkTj5sMRSjrmBSBeiHym,"alt z, pop"
5YGY8feqx7naU7z4HrwZM6,pop
5cj0lLjcoR7YOSnhnX0Po5,"dance pop, pop"
4qU7IJSReZnsLy5907Mtau,modern folk rock
6M2wZ9GZgrQXHCFfjv46we,"dance pop, pop, uk pop"
2sil8z5kiy4r76CRTXxBCA,"neo mellow, permanent wave, pop rock, post-grunge"
5K4W6rqBFWDnAN6FQUkS6x,"chicago rap, hip hop, rap"
74KM79TiuVKeVCqs8QtB0B,pop
7nDsS0l5ZAzMedVRKPP8F1,"dance pop, pop dance, talent show, uk pop"
3jNkaOXasoc7RsxdchvEVq,"dancefloor dnb, drum and bass, uk dance"
06HL4z0CvFAxyc27GXpf02,pop
7oPgCQqMMXEXrNau5vxYZP,"folk, lilith, singer-songwriter, women's music"
4GNC7GD6oZMSxPGyXy4MNB,"pop, uk pop"
2h93pZq0e7k5yf4dywlkpM,"lgbtq+ hip hop, neo soul"
52N3KGrTWDRhdQJrgBTofE,
0kmovylAP20DMJhS3BE2CO,"bouncy house, tech trance"
06HL4z0CvFAxyc27GXpf02,pop
33NVpKoXjItPwUJTMZIOiY,"gen z singer-songwriter, singer-songwriter pop"
3TVXtAsR1Inumwj472S9r4,"canadian hip hop, canadian pop, hip hop, pop rap, rap"
3bUA5ltyxKcuYe5G2U0GA4,"karneval, kolsche karneval"
7o95ZoZt5ZYn31e9z1Hc0a,"dance pop, pop, post-teen pop"
22wbnEMDvgVIAGdFeek6ET,singer-songwriter pop
1r43wW70tnGUauQYvY5w48,hypertechno
6d5CGj93XLaqmyt10XgL8O,"cologne hip hop, german rock, kolsche karneval"
0NGAZxHanS9e0iNHpR8f2W,"electro house, pop nacional, slap house"
45dkTj5sMRSjrmBSBeiHym,"alt z, pop"
2LIk90788K0zvyj2JJVwkJ,"deep underground hip hop, kentucky hip hop, pop rap, rap"
0fN3Kd9aGNr9lTzRFqih4S,"karneval, kolsche karneval"
6cpOyiEibAAlRlUF4Kk3vI,german hip hop
5wCmhq5J2hPwL2r0eKurxn,hypertechno
4zdZ6gGi9gBJZmCNun0Jhj,
3bUA5ltyxKcuYe5G2U0GA4,"karneval, kolsche karneval"
0fN3Kd9aGNr9lTzRFqih4S,"karneval, kolsche karneval"
5uRfU4LuGDkxzZ86uCXQY8,"german rock, karneval, kolsche karneval"
0F3lC4Bfyf7mKrkCiXPAaO,"karneval, kolsche karneval"
73jBynjsVtofjRpdpRAJGk,"belgian dance, belgian edm, big room, dutch house, edm, electro house, pop dance, progressive electro house"
4AKwRarlmsUlLjIwt38NLw,pop dance
6A9b0JlSJF0KxCddzOTGiA,"karneval, kolsche karneval"
7uMDnSZyUYNBPLhPMNuaM2,singer-songwriter pop
3pOnFT5MHIqIe9kcFCznZ8,german hip hop
33qOK5uJ8AR2xuQQAhHump,
6k9e4mFFVtEAAhGdvJBtqB,hypertechno
0fN3Kd9aGNr9lTzRFqih4S,"karneval, kolsche karneval"
3CJKkU0XuElRT1z8rEtIYg,"german drill, german hip hop"
5uRfU4LuGDkxzZ86uCXQY8,"german rock, karneval, kolsche karneval"
1ZyqnbV7Brg5LgyS4EZCUD,tekk
72y6W9pGy97xTM44dwy3F6,
3bUA5ltyxKcuYe5G2U0GA4,"karneval, kolsche karneval"
2cBh5lVMg222FFuRU7EfDE,"dance pop, europop, new wave pop"
3bUA5ltyxKcuYe5G2U0GA4,"karneval, kolsche karneval"
11kt6ggsdxvI8MhyeSMKom,
1xlPEhjbFqhrDjaAvyvueX,
4bDno7pSNcjfHcKU9NFCK9,kolsche karneval
2rEVnwCPBeGkWMv425KoG1,german pop
67MNhiAICFY6Pwc2YxCO0K,alt z
1Xyo4u8uXC1ZmMpatF05PJ,"canadian contemporary r&b, canadian pop, pop"
34LetYSjEuG2fBb4Z8PwPg,"german alternative rap, german drill, german hip hop"
2EahEAOUPPXAcncTr8laCj,german hip hop
3CJKkU0XuElRT1z8rEtIYg,"german drill, german hip hop"
7iWcRnQMinCoV2u5ICgsW0,"german pop, german rock"
1URnnhqYAYcrqrcwql10ft,"atl hip hop, hip hop, rap"
0Dvx6p8JDyzeOPGmaCIH1L,german hip hop
1ul8iLt2WnFe2UIyovjg7q,"german hip hop, german r&b"
2HIP5sNZWkrPgSBWRk8XpA,
6A9b0JlSJF0KxCddzOTGiA,"karneval, kolsche karneval"
1Xyo4u8uXC1ZmMpatF05PJ,"canadian contemporary r&b, canadian pop, pop"
6NO12PstTjSbyBgbn2GSKz,
7bXgB6jMjp9ATFy66eO08Z,"r&b, rap"
66CXWjxzNUsdJxJ2JdwvnR,pop
1bNjWBFWsAAzZSR59lRdpR,amapiano
4bslbAAfObKnJI0G6FNcTp,
1lDWyPzSZOqP5jfZNm5lLI,amapiano
1ELUrmWBlXkqVabjVincQ6,amapiano
2iN5MhOgkenO5FtkPtEVAF,amapiano
22wbnEMDvgVIAGdFeek6ET,singer-songwriter pop
4VlxI0WKDh7HFgHjXcfj6v,amapiano
7tjVFCxJdwT4NdrTmjyjQ6,indie r&b
2tqMDvoyXVbN7uF4ObOeJX,maskandi
5kmceQl1Y7lveTVbcy5ycD,gqom
3SozjO3Lat463tQICI9LcE,
2kUReuoaNS6Thgl4zFQA60,maskandi
2LIk90788K0zvyj2JJVwkJ,"deep underground hip hop, kentucky hip hop, pop rap, rap"
6umjXXP7Q8i4he6WALLuOf,
1URnnhqYAYcrqrcwql10ft,"atl hip hop, hip hop, rap"
7tYKF4w9nC0nq9CsPZTHyP,"pop, r&b, rap"
46R9PUVbIOMjSUtMsQZbQq,amapiano
3SozjO3Lat463tQICI9LcE,
7bXgB6jMjp9ATFy66eO08Z,"r&b, rap"
0oW137oXCLwA5b4uYRxvIn,amapiano
5MJ5f1XKD9yu7aWfG8OGjz,"amapiano, barcadi"
788jOE9HMUy9heDK8EIkon,amapiano
1lDWyPzSZOqP5jfZNm5lLI,amapiano
08PvCOlef4xdOr20jFSTPd,viral rap
2zq3Zm57y4TxZRbMZ05CGp,
687cZJR45JO7jhk1LHIbgq,"afro r&b, alte, nigerian pop"
2RQXRUsr4IW1f3mKyKsy4B,pov: indie
1bNjWBFWsAAzZSR59lRdpR,amapiano
45dkTj5sMRSjrmBSBeiHym,"alt z, pop"
360IAlyVv4PCEVjgyMZrxK,r&b
5cj0lLjcoR7YOSnhnX0Po5,"dance pop, pop"
3hw14sG4z2GSidk66In1eW,barcadi
4VlxI0WKDh7HFgHjXcfj6v,amapiano
1Xyo4u8uXC1ZmMpatF05PJ,"canadian contemporary r&b, canadian pop, pop"
2h9NlcdGxIEnnh5aQuSeZ1,
31TPClRtHm23RisEBtV3X7,"dance pop, pop"
1Xyo4u8uXC1ZmMpatF05PJ,"canadian contemporary r&b, canadian pop, pop"
33qOK5uJ8AR2xuQQAhHump,
7xAcVHPiirnUqfdqo0USb1,"contemporary r&b, hip pop, r&b, urban contemporary"
6qqNVTkY8uBg9cP3Jd7DAH,"art pop, pop"
3TVXtAsR1Inumwj472S9r4,"canadian hip hop, canadian pop, hip hop, pop rap, rap"
2hlmm7s2ICUX0LVIhVFlZQ,"atl hip hop, melodic rap, rap, trap"
2oIQCM7hRZI9tS5b9S8rj4,amapiano
1svX5cMlY22N60RxwzeJNO,gqom
2h93pZq0e7k5yf4dywlkpM,"lgbtq+ hip hop, neo soul"
43u6aZHgPYfR36lpHCrkdb,
0n4Fao9kbjgM76RmVlfSwr,
6k8odn7NzzTT4K3NBNtsfV,amapiano
6k8odn7NzzTT4K3NBNtsfV,amapiano
7eNwLlauwL6tZwbFzJHWAN,"kwaito, south african house, south african pop"
5rCq30EbJ3DfZPKybGZj8F,"arab pop, egyptian pop"
25P1GMgHepq6rkzRwg2DcB,mahraganat
25P1GMgHepq6rkzRwg2DcB,mahraganat
2iToE4LH0W9zs4hVw3A7m6,"arab pop, shaabi"
15EdXJSvJSrjOGXsIimK0d,mahraganat
2Wk167T0fY1fABsHM5qFcI,"arab pop, egyptian pop"
56chSp36PsMhpQvUn1kdR3,"egyptian hip hop, egyptian trap"
6MQnUjIjnIOfHDFzqBJOAl,"arab pop, classic arab pop, khaliji, syrian pop"
56chSp36PsMhpQvUn1kdR3,"egyptian hip hop, egyptian trap"
18A2yU1GvQnE6cozN5oJky,"egyptian viral pop, mahraganat"
5CSaIf8OAstAYE5oqQeS15,egyptian viral pop
5rCq30EbJ3DfZPKybGZj8F,"arab pop, egyptian pop"
05ai8foZsZwk0cni0IOuNj,"arab pop, lebanese pop"
2KjiHtx0h8tyJXbg8aYRgu,"egyptian pop, mahraganat"
3mUUUQDWnVlttF1yERxmPQ,egyptian trap
5LtHZB7vU02HtNoOzNcVhc,"arab pop, egyptian pop"
5miyPYjh5EcpOSqloDJPID,"arab pop, egyptian pop"
25P1GMgHepq6rkzRwg2DcB,mahraganat
4aa4VlPLbYO184dQMWmwcx,mahraganat
2N72bJ8IYB4KZmKmxz5Xkk,"arab pop, egyptian alternative, egyptian pop"
2PM82jOCB674w4BL08zFVS,egyptian alternative
3gCqbhXmiSto3R8U9YZcZM,shaabi
2KjiHtx0h8tyJXbg8aYRgu,"egyptian pop, mahraganat"
3T3MXGyT0JUhh8QiW7X2Ha,mahraganat
2Wk167T0fY1fABsHM5qFcI,"arab pop, egyptian pop"
748zEAbda3IIsAkIxN62Hw,egyptian viral pop
4BKC2HOGEqtYz2Xbgp9N1q,"egyptian hip hop, egyptian trap"
5rCq30EbJ3DfZPKybGZj8F,"arab pop, egyptian pop"
2KjiHtx0h8tyJXbg8aYRgu,"egyptian pop, mahraganat"
5D2ui1KD49TfyCDb35zf5V,"arab pop, egyptian pop, shaabi"
5HczG7gdd89oDKY0CUyPof,"arab pop, lebanese pop"
5D2ui1KD49TfyCDb35zf5V,"arab pop, egyptian pop, shaabi"
2PM82jOCB674w4BL08zFVS,egyptian alternative
25P1GMgHepq6rkzRwg2DcB,mahraganat
41g2nSmocqVLuYnmndxefu,egyptian pop
2GVksDv9UpY60i4CvytrZK,"arab alternative, egyptian alternative, egyptian pop"
7yBuSjd5Z3w7acodk51evR,"egyptian hip hop, egyptian trap"
5rCq30EbJ3DfZPKybGZj8F,"arab pop, egyptian pop"
6hPNpOLunxxpXVwi696pYl,"arab pop, classic arab pop, egyptian pop"
1ZpCdBZ3rL0mXxMhzhOBvi,"egyptian alternative, egyptian pop"
6Ss3HQTUk6PeyD1a0IV6RB,mahraganat
7yBuSjd5Z3w7acodk51evR,"egyptian hip hop, egyptian trap"
7t3VJCyz87PJLqHM3mOt3I,arab groove
6lBIyYTrWwULJmuFlncN48,mahraganat
56chSp36PsMhpQvUn1kdR3,"egyptian hip hop, egyptian trap"
6Ss3HQTUk6PeyD1a0IV6RB,mahraganat
2KjiHtx0h8tyJXbg8aYRgu,"egyptian pop, mahraganat"
5OaC42gxOxSYgfmmSxe672,"egyptian pop, mahraganat"
5LtHZB7vU02HtNoOzNcVhc,"arab pop, egyptian pop"
5OaC42gxOxSYgfmmSxe672,"egyptian pop, mahraganat"
6zK1M4TcabpLQMNmmG2P0Q,"afrobeats, afropop, nigerian pop"
4TKhxSkqClXrdtUWgKqHVU,afrobeats
3ZpEKRjHaHANcpk10u6Ntq,afrobeats
1X6cBGnXpEpN7CmflLKmLV,"afrobeats, afropop, azontobeats, nigerian pop"
4mSWNal2Ixxf1zrXSTLoep,"afrobeats, nigerian pop"
3tVQdUvClmAT7URs9V3rsp,"afrobeats, afropop, azonto, nigerian hip hop, nigerian pop"
4zmZ8lVLzGc84S4v2B1rLx,"afrobeats, nigerian pop"
3LOm0AZjpwVQebvkyanjDy,"afro drill, afrobeats, nigerian pop"
3LOm0AZjpwVQebvkyanjDy,"afro drill, afrobeats, nigerian pop"
408vMm7y1227ASq7GmWygZ,"afrobeats, nigerian pop"
5yOvAmpIR7hVxiS6Ls5DPO,afrobeats
4JM1zsVj1pt38Q8mhv5teI,"afrobeats, nigerian pop"
4zmZ8lVLzGc84S4v2B1rLx,"afrobeats, nigerian pop"
1E5hfn5BduN2nnoZCJmUVG,"afrobeats, nigerian pop"
46pWGuE3dSwY3bMMXGBvVS,"afrobeats, nigerian pop"
3a1tBryiczPAZpgoZN9Rzg,"afrobeats, nigerian pop"
1YEisn8aVyjibFXhNpO7vI,
6acbdy69rtlv8m9EW31MYl,"afrobeats, afropop, igbo pop, igbo rap, nigerian hip hop, nigerian pop"
3tVQdUvClmAT7URs9V3rsp,"afrobeats, afropop, azonto, nigerian hip hop, nigerian pop"
1X6cBGnXpEpN7CmflLKmLV,"afrobeats, afropop, azontobeats, nigerian pop"
3wcj11K77LjEY1PkEazffa,"afrobeats, azontobeats, dancehall, nigerian hip hop, nigerian pop"
0ZvsEkINadmEV4qzS4ollh,"afrobeats, viral afropop"
4JM1zsVj1pt38Q8mhv5teI,"afrobeats, nigerian pop"
3a1tBryiczPAZpgoZN9Rzg,"afrobeats, nigerian pop"
3tVQdUvClmAT7URs9V3rsp,"afrobeats, afropop, azonto, nigerian hip hop, nigerian pop"
3a1tBryiczPAZpgoZN9Rzg,"afrobeats, nigerian pop"
4ovtyvs7j1jSmwhkBGHqSr,"afrobeats, afropop, azonto, nigerian hip hop, nigerian pop"
1X6cBGnXpEpN7CmflLKmLV,"afrobeats, afropop, azontobeats, nigerian pop"
3sHq8pB8IoGvnatMuoixwd,viral afropop
4JM1zsVj1pt38Q8mhv5teI,"afrobeats, nigerian pop"
3wcj11K77LjEY1PkEazffa,"afrobeats, azontobeats, dancehall, nigerian hip hop, nigerian pop"
3Uv5hfyuC7TkLsQ6p4ikSb,"afrobeats, nigerian pop"
3LOm0AZjpwVQebvkyanjDy,"afro drill, afrobeats, nigerian pop"
5yOvAmpIR7hVxiS6Ls5DPO,afrobeats
2hKQc001G7ggs3ZyxMdkGq,"afrobeats, afropop, azontobeats, nigerian pop"
3sHq8pB8IoGvnatMuoixwd,viral afropop
687cZJR45JO7jhk1LHIbgq,"afro r&b, alte, nigerian pop"
6Kp3KWPiVgi33DkJqo9T4g,"afrobeats, nigerian pop"
3a1tBryiczPAZpgoZN9Rzg,"afrobeats, nigerian pop"
0Y3agQaa6g2r0YmHPOO9rh,"afrobeats, afropop, azontobeats, ghanaian hip hop, nigerian pop"
3LOm0AZjpwVQebvkyanjDy,"afro drill, afrobeats, nigerian pop"
0Y3agQaa6g2r0YmHPOO9rh,"afrobeats, afropop, azontobeats, ghanaian hip hop, nigerian pop"
3zaDigUwjHvjOkSn0NDf9x,"afrobeats, nigerian pop"
1X6cBGnXpEpN7CmflLKmLV,"afrobeats, afropop, azontobeats, nigerian pop"
0a8YNI8VHVPYKIPvCiJDxa,"afrobeats, nigerian pop"
4TKhxSkqClXrdtUWgKqHVU,afrobeats
0ZvsEkINadmEV4qzS4ollh,"afrobeats, viral afropop"
3zaDigUwjHvjOkSn0NDf9x,"afrobeats, nigerian pop"
3LOm0AZjpwVQebvkyanjDy,"afro drill, afrobeats, nigerian pop"
12kjvw4e3gLp6qVHO65n7W,"afrobeats, nigerian hip hop, nigerian pop"
2WzWSpOB41g3gb78Raj6RK,"pinoy hip hop, tagalog rap"
5Two5JCWeQdaAbGKUFQx8d,
4zpGxqF6oI1h3f6Md2v42T,pinoy hip hop
4zpGxqF6oI1h3f6Md2v42T,pinoy hip hop
4O19i2jHEjPyz17BeiwbDp,pinoy drill
2zRoFfKfqM5jaUysSG9EUI,
7uDdl5V5AETSFY7K3muu22,"cdo indie, opm, p-pop"
4zpGxqF6oI1h3f6Md2v42T,pinoy hip hop
06HL4z0CvFAxyc27GXpf02,pop
2uYWxilOVlUdk4oV9DvwqK,"brooklyn indie, pov: indie"
1bvOB4esBO2VFoCnaEheBO,
3lFMRWaEWZlfXdBig97kks,"pinoy hip hop, pinoy trap"
2KdFoq4IBXMzfia4ZCLDIs,
61nn6nOoLWjVC1ER2qFAvN,"opm, pinoy city pop"
4DAcJXcjX0zlQAZAPAx4Zb,opm
1EUmQM6xgUQLUkJVcvSdey,opm
1Xyo4u8uXC1ZmMpatF05PJ,"canadian contemporary r&b, canadian pop, pop"
7dFzqx2qyelGPiBKmdSEOT,"opm, p-pop, pinoy singer-songwriter"
4gzpq5DPGxSnKTe4SA8HAU,"permanent wave, pop"
7dFzqx2qyelGPiBKmdSEOT,"opm, p-pop, pinoy singer-songwriter"
4zpGxqF6oI1h3f6Md2v42T,pinoy hip hop
14AlQdTUuzYESzQYKU6QIE,pinoy drill
1bvOB4esBO2VFoCnaEheBO,
7Hb2cm4pIeCUKwfzutKyjp,
7tYKF4w9nC0nq9CsPZTHyP,"pop, r&b, rap"
4LT250S0fAe4cYqPbRk56m,pinoy r&b
0a4r2EnsevvHCukoJ1xFwJ,opm
117XFtbZPnCI1EYKjYZWJc,"opm, pinoy hip hop, tagalog rap"
0XRPxTyrrVeDXLt6Wxw4UD,
2WzWSpOB41g3gb78Raj6RK,"pinoy hip hop, tagalog rap"
4zpGxqF6oI1h3f6Md2v42T,pinoy hip hop
0du5cEVh5yTK9QJze8zA0C,"dance pop, pop"
2Ev7vtPI38BE2kQvwmH4ce,opm
0du5cEVh5yTK9QJze8zA0C,"dance pop, pop"
3L1qgTsUqavkiygkIKfWJD,
29zSTMejPhY0m7kwNQ9SPI,opm
06HL4z0CvFAxyc27GXpf02,pop
1McMsnEElThX1knmY4oliG,pop
45dkTj5sMRSjrmBSBeiHym,"alt z, pop"
6EigliA66uumHSob7cOG1y,
3PDFGpPl4ienSn5Vwisfrh,"pinoy hip hop, pinoy r&b, tagalog rap"
0DpLoyGVbhOHNR3ht2oO9y,pinoy city pop
6AvnL2gWjNYs1hRVJx4huK,
7uDdl5V5AETSFY7K3muu22,"cdo indie, opm, p-pop"
67IN4cLJ7798gUapyZlmac,"acoustic opm, opm, p-pop"
2kxP07DLgs4xlWz8YHlvfh,indonesian r&b
6HaGTQPmzraVmaVxvz6EUc,k-pop
1DlYnIiliftt6R21Y5NOW2,opm
29zSTMejPhY0m7kwNQ9SPI,opm
3SozjO3Lat463tQICI9LcE,
0pWR7TsFhvSCnbmHDjWgrE,"j-pop, j-rock"
1Y5vJqABeI6QI6R95EDV6o,
64tJ2EAv1R6UaZqc4iOCyj,"j-pop, japanese teen pop"
4QvgGvpgzgyUOo8Yp8LDm9,"anime rock, j-pop, j-rock"
6mEQK9m2krja6X1cfsAjfl,"j-pop, japanese teen pop"
4QvgGvpgzgyUOo8Yp8LDm9,"anime rock, j-pop, j-rock"
6rs1KAoQnFalSqSU4LTh8g,"j-pop, j-rock"
6wxfx1yhyqjCPYwwxJktR2,j-pop
4QvgGvpgzgyUOo8Yp8LDm9,"anime rock, j-pop, j-rock"
4QvgGvpgzgyUOo8Yp8LDm9,"anime rock, j-pop, j-rock"
6HaGTQPmzraVmaVxvz6EUc,k-pop
4QvgGvpgzgyUOo8Yp8LDm9,"anime rock, j-pop, j-rock"
2IUl3m1H1EQ7QfNbNWvgru,"j-pop, japanese soul"
4UK2Lzi6fBfUi9rpDt6cik,j-pop
4SpbR6yFEvexJuaBpgAU5p,k-pop girl group
64tJ2EAv1R6UaZqc4iOCyj,"j-pop, japanese teen pop"
5Vo1hnCRmCM6M4thZCInCj,"anime, anime rock, j-pop"
2IUl3m1H1EQ7QfNbNWvgru,"j-pop, japanese soul"
4SJ7qRgJYNXB9Yttzs4aSa,j-pop
7mvhRvEAHiCTQHUnH7fgnv,japanese electropop
2rUfBClgdqQ4Svcg0A6gIl,
6bDWAcdtVR3WHz2xtiIPUi,japanese teen pop
4QvgGvpgzgyUOo8Yp8LDm9,"anime rock, j-pop, j-rock"
5Vo1hnCRmCM6M4thZCInCj,"anime, anime rock, j-pop"
4UK2Lzi6fBfUi9rpDt6cik,j-pop
6S8w5rLsEwjN21jQeRES0n,"j-rock, japanese alternative rock"
4QvgGvpgzgyUOo8Yp8LDm9,"anime rock, j-pop, j-rock"
4QvgGvpgzgyUOo8Yp8LDm9,"anime rock, j-pop, j-rock"
4XFkDALFTsSHVnRtJSsaMN,
0ixzjrK1wkN2zWBXt3VW3W,"j-pop, japanese singer-songwriter, japanese teen pop"
26JbIcCELE7o1nl8pw6Vlg,modern j-rock
7HwzlRPa9Ad0I8rK0FPzzK,"anime, j-pop"
5kjGRHClVacSyllOUqU1S0,"classic j-pop, j-pop, j-rock"
6rs1KAoQnFalSqSU4LTh8g,"j-pop, j-rock"
7oQ6zxSp4eQjvVkk9rGIDV,japanese teen pop
4QvgGvpgzgyUOo8Yp8LDm9,"anime rock, j-pop, j-rock"
63ylN6WBUUxxMsySiDmr0B,"city pop, japanese soul"
6cutt8thPFUICMfxaYerWd,"j-pop, j-rock, japanese post-hardcore"
6rs1KAoQnFalSqSU4LTh8g,"j-pop, j-rock"
64tJ2EAv1R6UaZqc4iOCyj,"j-pop, japanese teen pop"
6rs1KAoQnFalSqSU4LTh8g,"j-pop, j-rock"
6rs1KAoQnFalSqSU4LTh8g,"j-pop, j-rock"
0B1ce3uNrzkdm76NXI4mhX,"j-pop, japanese teen pop"
64tJ2EAv1R6UaZqc4iOCyj,"j-pop, japanese teen pop"
6wxfx1yhyqjCPYwwxJktR2,j-pop
6HvZYsbFfjnjFrWF950C9d,"k-pop, k-pop girl group"
6HvZYsbFfjnjFrWF950C9d,"k-pop, k-pop girl group"
0ixzjrK1wkN2zWBXt3VW3W,"j-pop, japanese singer-songwriter, japanese teen pop"
0QZqdhoRQkn1VphAa5eX8h,"j-pop, j-rock, japanese punk rock, japanese ska"
1t17z3vfuc82cxSDMrvryJ,"anime, j-pop, japanese alternative rock, japanese teen pop"
4gdMJYnopf2nEUcanAwstx,"desi pop, hindi indie, indian indie, indian singer-songwriter"
5r3wPya2PpeTTsXsGhQU8O,punjabi hip hop
5wJ1H6ud777odtZl5gG507,"desi pop, filmi, modern bollywood"
4z0z82pXirH1TrygipQlOo,punjabi pop
2cjQTf2J5yCaNY8qHpW855,urdu hip hop
6gIqKYKRmltKfkTnxhMv8V,"pakistani indie, urdu hip hop"
5r3wPya2PpeTTsXsGhQU8O,punjabi hip hop
1qyXgLYCg0osV4glEYuQIv,
5r3wPya2PpeTTsXsGhQU8O,punjabi hip hop
5r3wPya2PpeTTsXsGhQU8O,punjabi hip hop
0VAIiNSKG4DWkSaIy5qWz1,
3iGhlvzpXc0UHBQ7klAItX,desi pop
4YRxDV8wJFPHPTeXepOstw,"filmi, modern bollywood"
2mwbuz349OET9y5xYFUnrR,"classic pakistani pop, pakistani pop, sufi"
5r3wPya2PpeTTsXsGhQU8O,punjabi hip hop
1wRPtKGflJrBx9BmLsSwlU,"filmi, indian instrumental, modern bollywood"
6DARBhWbfcS9E4yJzcliqQ,"desi hip hop, punjabi pop"
2cjQTf2J5yCaNY8qHpW855,urdu hip hop
2FKWNmZWDBZR4dE5KX4plR,"filmi, modern bollywood, punjabi pop"
4zCH9qm4R2DADamUHMCa6O,"desi hip hop, filmi, tamil hip hop"
6FDDxz6lYakINkmWPOlIZG,punjabi pop
6QoCrBHsojKnOrsGNfRcTN,punjabi hip hop
5r3wPya2PpeTTsXsGhQU8O,punjabi hip hop
1yMP2gzEFgUkib4khXN6hi,"desi emo rap, urdu hip hop"
1n9EM0Y4A89vuRiA93gSS9,"balochi pop, pakistani pop"
1sIdRkRWXKG4uML73h8Ihs,
5mWQT8CLTa4mAQAJdFjHb1,"pakistani indie, pakistani pop, urdu hip hop"
2cjQTf2J5yCaNY8qHpW855,urdu hip hop
5r3wPya2PpeTTsXsGhQU8O,punjabi hip hop
5gZhfbckaWo89OzDSk3gdT,"desi pop, punjabi pop"
1Xyo4u8uXC1ZmMpatF05PJ,"canadian contemporary r&b, canadian pop, pop"
3pQ4aA7dkolyjUAMrVScgh,"desi pop, modern bollywood"
3ozYqVCLohfpXIhalkhM8D,desi pop
4PULA4EFzYTrxYvOVlwpiQ,"desi hip hop, pakistani hip hop, punjabi hip hop, punjabi pop"
4qjiRRFcM4WZ0aJ3IHdWPN,punjabi pop
2FKWNmZWDBZR4dE5KX4plR,"filmi, modern bollywood, punjabi pop"
2FKWNmZWDBZR4dE5KX4plR,"filmi, modern bollywood, punjabi pop"
3scNK8e4mqnP6Rb8a3lwZY,"pakistani hip hop, pakistani pop"
1URnnhqYAYcrqrcwql10ft,"atl hip hop, hip hop, rap"
74OaRjmyh0XyRZsQQQ5l7c,"desi pop, filmi, indian singer-songwriter, modern bollywood"
3R1penrqtuKNTeWABjKT5N,punjabi pop
6DARBhWbfcS9E4yJzcliqQ,"desi hip hop, punjabi pop"
4gdMJYnopf2nEUcanAwstx,"desi pop, hindi indie, indian indie, indian singer-songwriter"
5r3wPya2PpeTTsXsGhQU8O,punjabi hip hop
4gdMJYnopf2nEUcanAwstx,"desi pop, hindi indie, indian indie, indian singer-songwriter"
01pFDtbY3k5uOmy0Pbg93C,"pakistani electronic, pakistani pop"
7FvX2e6CgYllzgZ9uempWF,desi hip hop
74RGMjbSsFv5RLj8wVx9Yv,desi pop
6LEG9Ld1aLImEFEVHdWNSB,"desi pop, punjabi hip hop, punjabi pop"
6jvvFfe34NYXjWZMz7rExP,
6UgERnTHmjk3qXM9x5vzyO,indonesian r&b
3txNoNUfBAHT1ZSGT2R30y,"indonesian pop, indonesian pop rock"
2uYWxilOVlUdk4oV9DvwqK,"brooklyn indie, pov: indie"
0LivMD6P6pi2yfZf1rIAat,"indonesian pop, indonesian pop rock"
6Sv2jkzH9sWQjwghW5ArMG,indonesian pop
1Xyo4u8uXC1ZmMpatF05PJ,"canadian contemporary r&b, canadian pop, pop"
2f1AZeW1r6TUVLagZaRXO5,"dangdut, indonesian pop rock"
1JvbNeV9zG9Sew1JyaWsyx,indonesian pop
5uUb3J6HqLhBWwzuh84LUZ,indonesian pop rock
7hr9W3IjXcm3UlLY7guLk5,singer-songwriter pop
4IWBUUAFIplrNtaOHcJPRM,"pop, talent show, uk pop"
78ED3zmePoZzEzeBUg0evm,"bruneian pop, indonesian pop"
1y46m0kIaKwnodL0ElvQIs,
5DKFj8QL05LWzVG82W29CG,indonesian folk pop
6Sv2jkzH9sWQjwghW5ArMG,indonesian pop
3qL7BzwJOXq3EzAio36aLX,indonesian pop
1v1khTmozNfxB2ET1Ep288,"indonesian pop punk, indonesian rock"
053tL050frPJyo9lPXTUFb,indonesian pop rock
4AhHkaGz7W2bKKJK90IaV2,indonesian folk
6jJ0s89eD6GaHleKKya26X,pop
2kxP07DLgs4xlWz8YHlvfh,indonesian r&b
6ygKuZFz2sRggPZRaLHVHD,indonesian pop
06HL4z0CvFAxyc27GXpf02,pop
0du5cEVh5yTK9QJze8zA0C,"dance pop, pop"
1uNFoZAHBGtllmzznpCI3s,"canadian pop, pop"
20zafXaLhm5IcXnSU93rNn,indonesian pop
6FTLayBxjkQeanFdUusk1I,indonesian pop
66NmU5epI0ONGmdCRbLpmW,indonesian pop
4IWBUUAFIplrNtaOHcJPRM,"pop, talent show, uk pop"
5uUb3J6HqLhBWwzuh84LUZ,indonesian pop rock
327ipGIr9bD3MkLb2eucqC,indonesian pop
4bAgr9zaF0bpzVGHdHuf0f,"indonesian pop, malaysian pop"
5LcNPa8f8bRmZqELgoRFkN,indonesian pop
0kPb52ySN2k9P6wEZPTUzm,indonesian pop
1Xyo4u8uXC1ZmMpatF05PJ,"canadian contemporary r&b, canadian pop, pop"
7Ln80lUS6He07XvHI8qqHH,"garage rock, modern rock, permanent wave, rock, sheffield indie"
0sLoVTeBT6akDY7ecDxKYe,
51kyrUsAVqUBcoDEMFkX12,indonesian pop
2iDVt6mFbtbDEZG5ax0dTi,"indonesian jazz, indonesian pop, indonesian singer-songwriter"
0kPb52ySN2k9P6wEZPTUzm,indonesian pop
4sEWznAKWWNcicTuLxzb6d,"indonesian pop, indonesian pop rock"
1REvGGP2H7cFLGZgK2sStO,
3wOsYKZM0zcKNasi3I7fP4,indonesian pop
7pFWMC2E7h8eL3SZyHRsRq,indonesian pop
0f6TyESD8E1mD2oLJ4TGv1,"bandung indie, indonesian emo, indonesian post-hardcore"
5YGY8feqx7naU7z4HrwZM6,pop
4AK6F7OLvEQ5QYCBNiQWHq,"boy band, pop, post-teen pop, talent show"
2dyCbip3jAVmQNAs7Sg8Y9,indonesian pop
2iDVt6mFbtbDEZG5ax0dTi,"indonesian jazz, indonesian pop, indonesian singer-songwriter"
4ucwey7FxkHXkLK7jSfevU,"classic indonesian rock, indonesian pop, indonesian rock"
4gdMJYnopf2nEUcanAwstx,"desi pop, hindi indie, indian indie, indian singer-songwriter"
5wJ1H6ud777odtZl5gG507,"desi pop, filmi, modern bollywood"
4YRxDV8wJFPHPTeXepOstw,"filmi, modern bollywood"
1wRPtKGflJrBx9BmLsSwlU,"filmi, indian instrumental, modern bollywood"
2cjQTf2J5yCaNY8qHpW855,urdu hip hop
3iGhlvzpXc0UHBQ7klAItX,desi pop
4zCH9qm4R2DADamUHMCa6O,"desi hip hop, filmi, tamil hip hop"
5r3wPya2PpeTTsXsGhQU8O,punjabi hip hop
5r3wPya2PpeTTsXsGhQU8O,punjabi hip hop
1mBydYMVBECdDmMfE2sEUO,"filmi, gujarati pop, modern bollywood"
74OaRjmyh0XyRZsQQQ5l7c,"desi pop, filmi, indian singer-songwriter, modern bollywood"
4PULA4EFzYTrxYvOVlwpiQ,"desi hip hop, pakistani hip hop, punjabi hip hop, punjabi pop"
3pQ4aA7dkolyjUAMrVScgh,"desi pop, modern bollywood"
1qyXgLYCg0osV4glEYuQIv,
5gZhfbckaWo89OzDSk3gdT,"desi pop, punjabi pop"
5jJrJU7VVmxQQLcLAmmxXc,
3qpyErDI4i90q5EGgSRmNK,"desi pop, indian indie, indian singer-songwriter, modern bollywood"
5r3wPya2PpeTTsXsGhQU8O,punjabi hip hop
5r3wPya2PpeTTsXsGhQU8O,punjabi hip hop
5wJ1H6ud777odtZl5gG507,"desi pop, filmi, modern bollywood"
0VAIiNSKG4DWkSaIy5qWz1,
1wRPtKGflJrBx9BmLsSwlU,"filmi, indian instrumental, modern bollywood"
4z0z82pXirH1TrygipQlOo,punjabi pop
2GoeZ0qOTt6kjsWW4eA6LS,"desi pop, filmi, gujarati pop, modern bollywood"
6DARBhWbfcS9E4yJzcliqQ,"desi hip hop, punjabi pop"
2GoeZ0qOTt6kjsWW4eA6LS,"desi pop, filmi, gujarati pop, modern bollywood"
5wJ1H6ud777odtZl5gG507,"desi pop, filmi, modern bollywood"
1wRPtKGflJrBx9BmLsSwlU,"filmi, indian instrumental, modern bollywood"
3gBKY0y3dFFVRqicLnVZYz,"filmi, hare krishna, modern bollywood"
1wRPtKGflJrBx9BmLsSwlU,"filmi, indian instrumental, modern bollywood"
6WOdPJmexxFINcKMkP2jMG,"desi pop, filmi, modern bhajan, modern bollywood"
1mBydYMVBECdDmMfE2sEUO,"filmi, gujarati pop, modern bollywood"
5wJ1H6ud777odtZl5gG507,"desi pop, filmi, modern bollywood"
5PVSEFUT4Inqu3yEq56Ku9,hindi indie
1wRPtKGflJrBx9BmLsSwlU,"filmi, indian instrumental, modern bollywood"
2FKWNmZWDBZR4dE5KX4plR,"filmi, modern bollywood, punjabi pop"
4YRxDV8wJFPHPTeXepOstw,"filmi, modern bollywood"
1wRPtKGflJrBx9BmLsSwlU,"filmi, indian instrumental, modern bollywood"
1n9EM0Y4A89vuRiA93gSS9,"balochi pop, pakistani pop"
7FvX2e6CgYllzgZ9uempWF,desi hip hop
4gdMJYnopf2nEUcanAwstx,"desi pop, hindi indie, indian indie, indian singer-songwriter"
5NHm4TU5Twz7owibYxJfFU,"desi pop, hindi hip hop"
1wRPtKGflJrBx9BmLsSwlU,"filmi, indian instrumental, modern bollywood"
5wJ1H6ud777odtZl5gG507,"desi pop, filmi, modern bollywood"
2FKWNmZWDBZR4dE5KX4plR,"filmi, modern bollywood, punjabi pop"
2FgHPfRprDaylrSRVf1UlN,"new beat, tamil pop"
2GoeZ0qOTt6kjsWW4eA6LS,"desi pop, filmi, gujarati pop, modern bollywood"
5NHm4TU5Twz7owibYxJfFU,"desi pop, hindi hip hop"
4gdMJYnopf2nEUcanAwstx,"desi pop, hindi indie, indian indie, indian singer-songwriter"
2NoJ7NuNs9nyj8Thoh1kbu,"filmi, ghazal"
5wbf52LA6kcaboHSN6NEF1,"funk carioca, funk rj"
7dzq55YG3wjViqexDwiycQ,"arrocha, axe, mpb, pagode, pop nacional, samba reggae, sertanejo universitario"
0IhzJFf4QBEz0ifqLwScKV,rave funk
0uGWkZRPp1Urk77XBrPBsZ,agronejo
2CotyFTVKWR1jJLPTrrjdu,
2v5eqze59fqRes2e5QVGhf,"axe, pagode, pagode baiano"
3qvcCP2J0fWi0m0uQDUf6r,"arrocha, sertanejo, sertanejo universitario"
6TYimByryGphZCtwYopH0y,"sertanejo, sertanejo pop, sertanejo universitario"
4PLdCloYxu2bMKfuuB9lI5,"funk consciente, funk paulista"
487N2T9nIPEHrlTZLL3SQs,"agronejo, arrocha, sertanejo, sertanejo universitario"
6jBww4kwlSrjaNYP7AQPtX,"trap brasileiro, trap carioca"
4PzYKhC14sTJNEr0dzoo0d,"funk carioca, pop nacional"
0CdnnCbbKD4oIzBmxi2o7r,"arrocha, brega paraense"
2CKOmarVWvWqkNWUatHCex,"agronejo, sertanejo, sertanejo pop"
5Rs4gTYf15iES8jXZqhx2L,
3hq7WoPJsrRP0KMSLhUgRz,"arrocha, sertanejo, sertanejo universitario"
6wduHvHCH5QZtWs6ULilDM,forro
1LIuN7ov1IBQDdLsU83ojl,"agronejo, arrocha, sertanejo, sertanejo pop, sertanejo universitario"
7KVJCU4z5L4EUHILL8aMxR,"arrocha, axe, forro, pagode baiano, pop nacional"
68PYmgkbRP1qZnEWOry7sB,"funk carioca, trap brasileiro"
4s3lxX76LwxzMdQEAFYdzv,
0uGWkZRPp1Urk77XBrPBsZ,agronejo
6vTqEFbTtTRJsuIpzZgjxi,"pagode, pagode novo"
7FNnA9vBm6EKceENgCGRMb,"funk pop, funk rj, pagode baiano, pop, pop nacional"
3joq445M6f168kb3mkp7BB,
2Z0lRIqr997lIUiPtrpKCr,"agronejo, arrocha, pop nacional, sertanejo, sertanejo universitario"
64KEffDW9EtZ1y2vBYgq8T,"brostep, edm, pop, progressive electro house"
2CKOmarVWvWqkNWUatHCex,"agronejo, sertanejo, sertanejo pop"
7MiDcPa6UiV3In7lIM71IN,"agronejo, arrocha, sertanejo, sertanejo universitario"
5coW9ioCpvEYGx4v1nvWec,
5kVgcCdPbeUwxBqWxi2Ktl,agronejo
2eK9gcJQ6uqVvJL63dnOM3,"sertanejo, sertanejo universitario"
2UMj7NCbuqy1yUZmiSYGjJ,"funk 150 bpm, funk carioca, funk rj"
6xlRSRMLgZbsSNd0BMobwy,"funk carioca, funk das antigas, sertanejo universitario"
0f59qYByNYzspwAr7huTSB,brazilian gospel
3p7PcrEHaaKLJnPUGOtRlT,"agronejo, arrocha, musica tocantinense, sertanejo, sertanejo universitario"
1tPQcKxMrvf09Ry8zk68gt,
3qvcCP2J0fWi0m0uQDUf6r,"arrocha, sertanejo, sertanejo universitario"
7gJN8W0589FisSYJS17K54,pop rap brasileiro
3p7PcrEHaaKLJnPUGOtRlT,"agronejo, arrocha, musica tocantinense, sertanejo, sertanejo universitario"
6m6e7D2TnV0aYMllFFwMxu,"agronejo, arrocha, sertanejo, sertanejo pop, sertanejo universitario"
2CKOmarVWvWqkNWUatHCex,"agronejo, sertanejo, sertanejo pop"
487N2T9nIPEHrlTZLL3SQs,"agronejo, arrocha, sertanejo, sertanejo universitario"
2eK9gcJQ6uqVvJL63dnOM3,"sertanejo, sertanejo universitario"
68YeXpLt3jB7JHQS5ZjMGo,"trap baiano, trap brasileiro"
1tKrZaph4cLsnEdqC5BNEQ,"agronejo, arrocha, sertanejo pop, sertanejo universitario"
0n4Fao9kbjgM76RmVlfSwr,
4v4g6B3AmczdtPlNE4t39X,
3CDoRporvSjdzTrm99a3gi,"funk carioca, funk pop, funk rj, pagode baiano, pop nacional"
3FlCKtwOEYQQYyGVEbxG2Z,"agronejo, arrocha, sertanejo, sertanejo pop, sertanejo universitario"
